hgnc_symbol,ensembl_transcript_id
HAGH,ENST00000564445
HAGH,ENST00000566644
HAGH,ENST00000397356
HAGH,ENST00000455446
HAGH,ENST00000397353
HAGH,ENST00000567398
HAGH,ENST00000566709
HAGH,ENST00000569339
HAGH,ENST00000569700
HAGH,ENST00000567190
HAGH,ENST00000564518
HAGH,ENST00000565097
RGS7,ENST00000690539
RGS7,ENST00000687018
RGS7,ENST00000440928
RGS7,ENST00000348120
RGS7,ENST00000366563
RGS7,ENST00000366564
RGS7,ENST00000366565
RGS7,ENST00000687918
RGS7,ENST00000686277
RGS7,ENST00000689639
RGS7,ENST00000686049
RGS7,ENST00000691399
RGS7,ENST00000690224
RGS7,ENST00000693043
RGS7,ENST00000691979
RGS7,ENST00000690614
RGS7,ENST00000685936
RGS7,ENST00000688703
RGS7,ENST00000692860
RGS7,ENST00000689640
RGS7,ENST00000686340
RGS7,ENST00000687793
RGS7,ENST00000688438
RGS7,ENST00000686241
RGS7,ENST00000690236
RGS7,ENST00000693448
RGS7,ENST00000692410
RGS7,ENST00000687448
RGS7,ENST00000691485
RGS7,ENST00000689602
RGS7,ENST00000688738
RGS7,ENST00000688216
RGS7,ENST00000686645
RGS7,ENST00000690356
RGS7,ENST00000690019
RGS7,ENST00000688545
RGS7,ENST00000691271
RGS7,ENST00000687977
RGS7,ENST00000689115
RGS7,ENST00000687040
RGS7,ENST00000688633
RGS7,ENST00000691989
RGS7,ENST00000691597
RGS7,ENST00000686465
RGS7,ENST00000688737
RGS7,ENST00000688863
RGS7,ENST00000686908
RGS7,ENST00000691285
RGS7,ENST00000685354
RGS7,ENST00000689223
RGS7,ENST00000688028
RGS7,ENST00000687111
RGS7,ENST00000689595
RGS7,ENST00000686423
RGS7,ENST00000692317
FICD,ENST00000552695
FICD,ENST00000552758
FICD,ENST00000361549
FICD,ENST00000549641
FICD,ENST00000546448
SEC22B,ENST00000578049
SEC22B,ENST00000618538
PTS,ENST00000528679
PTS,ENST00000525645
PTS,ENST00000531673
PTS,ENST00000280362
PTS,ENST00000525803
PTS,ENST00000524931
PTS,ENST00000531175
PTS,ENST00000527428
PTS,ENST00000527635
UTRN,ENST00000367545
UTRN,ENST00000433557
UTRN,ENST00000628146
UTRN,ENST00000421035
UTRN,ENST00000367526
UTRN,ENST00000367525
UTRN,ENST00000480333
UTRN,ENST00000367524
UTRN,ENST00000432686
UTRN,ENST00000417142
UTRN,ENST00000455022
UTRN,ENST00000465299
UTRN,ENST00000460618
VEZF1,ENST00000258963
VEZF1,ENST00000581208
VEZF1,ENST00000584396
VEZF1,ENST00000583932
MED29,ENST00000599417
MED29,ENST00000615911
MED29,ENST00000315588
MED29,ENST00000600973
MED29,ENST00000594368
MED29,ENST00000596297
FLOT1,ENST00000420604
FLOT1,ENST00000463265
FLOT1,ENST00000430843
FLOT1,ENST00000490802
FLOT1,ENST00000482675
FLOT1,ENST00000462145
FLOT1,ENST00000444068
FLOT1,ENST00000457733
FLOT1,ENST00000426417
FLOT1,ENST00000431966
FLOT1,ENST00000430384
FLOT1,ENST00000411848
FLOT1,ENST00000475936
FLOT1,ENST00000474138
FLOT1,ENST00000427701
FLOT1,ENST00000446416
FLOT1,ENST00000445395
FLOT1,ENST00000464837
FLOT1,ENST00000487549
FLOT1,ENST00000481843
FLOT1,ENST00000383562
FLOT1,ENST00000456042
FLOT1,ENST00000463572
FLOT1,ENST00000442932
FLOT1,ENST00000496175
FLOT1,ENST00000455034
FLOT1,ENST00000454773
FLOT1,ENST00000465796
FLOT1,ENST00000411944
FLOT1,ENST00000428438
FLOT1,ENST00000488811
FLOT1,ENST00000491057
FLOT1,ENST00000436822
FLOT1,ENST00000445669
FLOT1,ENST00000482522
FLOT1,ENST00000431913
FLOT1,ENST00000492441
FLOT1,ENST00000411778
FLOT1,ENST00000436197
FLOT1,ENST00000480605
FLOT1,ENST00000445319
FLOT1,ENST00000456844
FLOT1,ENST00000472990
FLOT1,ENST00000493620
FLOT1,ENST00000383382
FLOT1,ENST00000422636
FLOT1,ENST00000476576
FLOT1,ENST00000454249
FLOT1,ENST00000460694
FLOT1,ENST00000438134
FLOT1,ENST00000421565
FLOT1,ENST00000482241
FLOT1,ENST00000416389
FLOT1,ENST00000439743
FLOT1,ENST00000481740
FLOT1,ENST00000444632
FLOT1,ENST00000466680
FLOT1,ENST00000459887
FLOT1,ENST00000484899
FLOT1,ENST00000424683
FLOT1,ENST00000439376
FLOT1,ENST00000427784
FLOT1,ENST00000444497
FLOT1,ENST00000445383
FLOT1,ENST00000458306
FLOT1,ENST00000463435
FLOT1,ENST00000479358
FLOT1,ENST00000487385
FLOT1,ENST00000446072
FLOT1,ENST00000457133
FLOT1,ENST00000484797
FLOT1,ENST00000432428
FLOT1,ENST00000470163
FLOT1,ENST00000439396
FLOT1,ENST00000437093
FLOT1,ENST00000495886
FLOT1,ENST00000422714
FLOT1,ENST00000436025
FLOT1,ENST00000482255
FLOT1,ENST00000487376
FLOT1,ENST00000376389
FLOT1,ENST00000413165
FLOT1,ENST00000476729
FLOT1,ENST00000438162
FLOT1,ENST00000470643
FLOT1,ENST00000418160
FLOT1,ENST00000445853
FLOT1,ENST00000484168
FLOT1,ENST00000416018
FLOT1,ENST00000454845
FLOT1,ENST00000484693
GOLM2,ENST00000559222
GOLM2,ENST00000557945
GOLM2,ENST00000299957
GOLM2,ENST00000650436
GOLM2,ENST00000429162
GOLM2,ENST00000345795
GOLM2,ENST00000558735
GOLM2,ENST00000559037
GOLM2,ENST00000558847
GOLM2,ENST00000559550
GOLM2,ENST00000561305
GOLM2,ENST00000559151
BTN2A1,ENST00000377600
BTN2A1,ENST00000312541
BTN2A1,ENST00000493173
BTN2A1,ENST00000429381
BTN2A1,ENST00000469185
BTN2A1,ENST00000480218
BTN2A1,ENST00000541522
MYBL1,ENST00000522677
MYBL1,ENST00000517885
MYBL1,ENST00000524176
MYBL1,ENST00000522419
MYBL1,ENST00000518079
MYBL1,ENST00000523304
YIPF6,ENST00000451537
YIPF6,ENST00000374622
YIPF6,ENST00000470730
YIPF6,ENST00000374643
YIPF6,ENST00000462683
YIPF6,ENST00000462972
YIPF6,ENST00000496576
TGOLN2,ENST00000377386
TGOLN2,ENST00000398263
TGOLN2,ENST00000409015
TGOLN2,ENST00000409232
TGOLN2,ENST00000444342
FAM13B,ENST00000033079
FAM13B,ENST00000689681
FAM13B,ENST00000425075
FAM13B,ENST00000420893
FAM13B,ENST00000513640
FAM13B,ENST00000505281
FAM13B,ENST00000514310
FAM13B,ENST00000502471
FAM13B,ENST00000509596
FAM13B,ENST00000508403
FAM13B,ENST00000505961
FAM13B,ENST00000510804
NR3C1,ENST00000394464
NR3C1,ENST00000415690
NR3C1,ENST00000504572
NR3C1,ENST00000394466
NR3C1,ENST00000231509
NR3C1,ENST00000652686
NR3C1,ENST00000503201
NR3C1,ENST00000504336
NR3C1,ENST00000510170
NR3C1,ENST00000508760
NR3C1,ENST00000502892
NR3C1,ENST00000514699
NR3C1,ENST00000502500
NR3C1,ENST00000505058
NR3C1,ENST00000503701
NR3C1,ENST00000343796
NR3C1,ENST00000424646
MSANTD4,ENST00000529805
MSANTD4,ENST00000301919
MSANTD4,ENST00000530788
MSANTD4,ENST00000534458
MSANTD4,ENST00000530108
ASB8,ENST00000317697
ASB8,ENST00000536549
ASB8,ENST00000537754
ASB8,ENST00000536938
ASB8,ENST00000536953
ASB8,ENST00000539528
ASB8,ENST00000535055
ASB8,ENST00000539865
ASB8,ENST00000536071
ASB8,ENST00000539503
ASB8,ENST00000540143
ASB8,ENST00000545791
ASB8,ENST00000540212
ASB8,ENST00000539464
ASB8,ENST00000540782
ASB8,ENST00000535988
ASB8,ENST00000548228
ASB8,ENST00000629941
SNRNP27,ENST00000244227
SNRNP27,ENST00000409116
SNRNP27,ENST00000450162
SNRNP27,ENST00000488986
SNRNP27,ENST00000487029
RNF14,ENST00000511961
RNF14,ENST00000506822
RNF14,ENST00000513019
RNF14,ENST00000394520
RNF14,ENST00000514620
RNF14,ENST00000502341
RNF14,ENST00000506938
RNF14,ENST00000394514
RNF14,ENST00000512565
RNF14,ENST00000515613
RNF14,ENST00000507163
RNF14,ENST00000506004
RNF14,ENST00000507291
RNF14,ENST00000394519
RNF14,ENST00000356143
RNF14,ENST00000347642
YIPF5,ENST00000274496
YIPF5,ENST00000448443
YIPF5,ENST00000513112
YIPF5,ENST00000519064
YIPF5,ENST00000522203
YIPF5,ENST00000508754
CUEDC1,ENST00000577830
CUEDC1,ENST00000584746
CUEDC1,ENST00000407144
CUEDC1,ENST00000577422
CUEDC1,ENST00000582951
CUEDC1,ENST00000581391
CUEDC1,ENST00000577497
CUEDC1,ENST00000578357
CUEDC1,ENST00000581898
CUEDC1,ENST00000585294
CUEDC1,ENST00000360238
CUEDC1,ENST00000577840
CUEDC1,ENST00000577589
SH3BP1,ENST00000417536
SH3BP1,ENST00000649765
SH3BP1,ENST00000644149
SH3BP1,ENST00000469947
SH3BP1,ENST00000495174
SH3BP1,ENST00000471650
SH3BP1,ENST00000459646
SH3BP1,ENST00000466097
SH3BP1,ENST00000643339
SH3BP1,ENST00000649107
CD99L2,ENST00000370377
CD99L2,ENST00000346693
CD99L2,ENST00000437787
CD99L2,ENST00000613030
CD99L2,ENST00000355149
CD99L2,ENST00000466436
CD99L2,ENST00000634795
CD99L2,ENST00000418547
CD99L2,ENST00000491877
C2CD3,ENST00000442398
C2CD3,ENST00000680231
C2CD3,ENST00000334126
C2CD3,ENST00000681609
C2CD3,ENST00000681291
C2CD3,ENST00000680839
C2CD3,ENST00000681924
C2CD3,ENST00000680665
C2CD3,ENST00000538625
C2CD3,ENST00000681811
C2CD3,ENST00000681385
C2CD3,ENST00000681143
C2CD3,ENST00000679415
C2CD3,ENST00000679906
C2CD3,ENST00000681829
C2CD3,ENST00000542452
C2CD3,ENST00000681310
C2CD3,ENST00000313663
C2CD3,ENST00000414160
C2CD3,ENST00000538361
C2CD3,ENST00000681233
C2CD3,ENST00000679940
C2CD3,ENST00000542484
C2CD3,ENST00000540057
C2CD3,ENST00000680306
C2CD3,ENST00000537285
C2CD3,ENST00000681000
C2CD3,ENST00000366334
C2CD3,ENST00000415191
C2CD3,ENST00000680718
C2CD3,ENST00000539061
C2CD3,ENST00000436679
C2CD3,ENST00000680645
C2CD3,ENST00000680173
C2CD3,ENST00000681345
C2CD3,ENST00000541922
C2CD3,ENST00000535954
C2CD3,ENST00000544293
C2CD3,ENST00000542930
ZNF350,ENST00000243644
ZNF350,ENST00000601430
ZNF350,ENST00000600703
ZNF350,ENST00000598254
ZNF350,ENST00000594929
ZNF350,ENST00000597788
ZNF350,ENST00000593596
ZNF350,ENST00000597555
ZNF350,ENST00000599258
ZNF674,ENST00000523374
ZNF674,ENST00000414387
ZNF674,ENST00000518795
ZNF674,ENST00000521626
ZNF674,ENST00000522017
ZNF674,ENST00000518708
ZNF674,ENST00000453909
ZNF674,ENST00000683375
TERF2IP,ENST00000300086
TERF2IP,ENST00000653858
TERF2IP,ENST00000569234
TERF2IP,ENST00000564671
TERF2IP,ENST00000659145
ATP6V0E1,ENST00000519374
ATP6V0E1,ENST00000519911
ATP6V0E1,ENST00000265093
ATP6V0E1,ENST00000517669
LYSMD3,ENST00000500869
LYSMD3,ENST00000315948
LYSMD3,ENST00000509384
LYSMD3,ENST00000453259
PTPRJ,ENST00000418331
PTPRJ,ENST00000440289
PTPRJ,ENST00000534219
PTPRJ,ENST00000527952
PTPRJ,ENST00000526550
PTPRJ,ENST00000527026
OGFRL1,ENST00000370435
OGFRL1,ENST00000650315
OGFRL1,ENST00000467503
RAB5A,ENST00000273047
RAB5A,ENST00000443878
RAB5A,ENST00000412966
RAB5A,ENST00000446547
RAB5A,ENST00000422242
RAB5A,ENST00000476544
RAB5A,ENST00000469122
RAB5A,ENST00000473608
ARL1,ENST00000261636
ARL1,ENST00000539055
ARL1,ENST00000536227
ARL1,ENST00000551688
ARL1,ENST00000550597
ARL1,ENST00000551828
ARL1,ENST00000551671
ARL1,ENST00000551092
ARL1,ENST00000549283
ARL1,ENST00000549302
ARL1,ENST00000548070
FBXW11,ENST00000517395
FBXW11,ENST00000296933
FBXW11,ENST00000265094
FBXW11,ENST00000393802
FBXW11,ENST00000523843
FBXW11,ENST00000518106
FBXW11,ENST00000522376
FBXW11,ENST00000522891
FBXW11,ENST00000519693
FBXW11,ENST00000520376
FBXW11,ENST00000518752
FBXW11,ENST00000522507
CPEB2,ENST00000507071
CPEB2,ENST00000345451
CPEB2,ENST00000538197
CPEB2,ENST00000382395
CPEB2,ENST00000382401
CPEB2,ENST00000503926
CPEB2,ENST00000509684
CPEB2,ENST00000442003
PEA15,ENST00000360472
PEA15,ENST00000368077
PEA15,ENST00000368076
PEA15,ENST00000488858
GABARAPL2,ENST00000565057
GABARAPL2,ENST00000037243
GABARAPL2,ENST00000563744
GABARAPL2,ENST00000568455
GABARAPL2,ENST00000565985
ERLEC1,ENST00000688096
ERLEC1,ENST00000687536
ERLEC1,ENST00000685508
ERLEC1,ENST00000690836
ERLEC1,ENST00000689496
ERLEC1,ENST00000688464
ERLEC1,ENST00000689943
ERLEC1,ENST00000690769
ERLEC1,ENST00000692516
ERLEC1,ENST00000690020
ERLEC1,ENST00000692971
ERLEC1,ENST00000692665
ERLEC1,ENST00000692267
ERLEC1,ENST00000689106
ERLEC1,ENST00000689887
ERLEC1,ENST00000691939
ERLEC1,ENST00000693288
ERLEC1,ENST00000684875
ERLEC1,ENST00000688147
ERLEC1,ENST00000692350
ERLEC1,ENST00000690280
ERLEC1,ENST00000691853
ERLEC1,ENST00000691065
ERLEC1,ENST00000689291
ERLEC1,ENST00000690740
ERLEC1,ENST00000688274
ERLEC1,ENST00000693696
ERLEC1,ENST00000685400
ERLEC1,ENST00000689100
ERLEC1,ENST00000687723
ERLEC1,ENST00000686424
ERLEC1,ENST00000691217
ERLEC1,ENST00000692745
ERLEC1,ENST00000185150
ERLEC1,ENST00000691171
ERLEC1,ENST00000494373
ERLEC1,ENST00000692786
ERLEC1,ENST00000405123
ERLEC1,ENST00000378239
ERLEC1,ENST00000687552
ERLEC1,ENST00000687712
ERLEC1,ENST00000689230
ERLEC1,ENST00000684835
DNAJC6,ENST00000463018
DNAJC6,ENST00000494710
DNAJC6,ENST00000395325
DNAJC6,ENST00000483402
DNAJC6,ENST00000371069
DNAJC6,ENST00000472787
DNAJC6,ENST00000498720
DNAJC6,ENST00000263441
DNAJB9,ENST00000249356
DNAJB9,ENST00000491582
DNAJB9,ENST00000465725
LEPROT,ENST00000475108
LEPROT,ENST00000371065
LEPROT,ENST00000497874
LEPROT,ENST00000488747
LEPROT,ENST00000484243
LEPROT,ENST00000613538
NIPA1,ENST00000673341
NIPA1,ENST00000673033
NIPA1,ENST00000437912
NIPA1,ENST00000561183
NIPA1,ENST00000560069
NIPA1,ENST00000337435
NIPA1,ENST00000560105
NIPA1,ENST00000559448
NIPA1,ENST00000557930
EOLA1,ENST00000431132
EOLA1,ENST00000450602
EOLA1,ENST00000441248
EOLA1,ENST00000393985
EOLA1,ENST00000423421
EOLA1,ENST00000423540
EOLA1,ENST00000434353
EOLA1,ENST00000514208
EOLA1,ENST00000448332
EOLA1,ENST00000428236
EOLA1,ENST00000422892
EOLA1,ENST00000359293
ESYT2,ENST00000251527
ESYT2,ENST00000275418
ESYT2,ENST00000435514
ESYT2,ENST00000483958
ESYT2,ENST00000497111
ESYT2,ENST00000652148
SLC41A2,ENST00000258538
SLC41A2,ENST00000549713
SLC41A2,ENST00000437220
SLC41A2,ENST00000415674
SLC41A2,ENST00000411411
SLC41A2,ENST00000449866
SLC41A2,ENST00000433540
SLC41A2,ENST00000424946
SLC41A2,ENST00000417469
SLC41A2,ENST00000432951
AAMDC,ENST00000532481
AAMDC,ENST00000526164
AAMDC,ENST00000526415
AAMDC,ENST00000531855
AAMDC,ENST00000393427
AAMDC,ENST00000527134
AAMDC,ENST00000304716
AAMDC,ENST00000525409
AAMDC,ENST00000533193
AAMDC,ENST00000525034
AAMDC,ENST00000529666
AAMDC,ENST00000630098
RAB24,ENST00000303251
RAB24,ENST00000478234
RAB24,ENST00000393611
RAB24,ENST00000495458
RAB24,ENST00000303270
RAB24,ENST00000471466
RAB24,ENST00000393610
RAB24,ENST00000504395
RAB24,ENST00000512758
ZNF385A,ENST00000551109
ZNF385A,ENST00000352268
ZNF385A,ENST00000394313
ZNF385A,ENST00000550779
ZNF385A,ENST00000338010
ZNF385A,ENST00000546970
ZNF385A,ENST00000552382
ZNF385A,ENST00000551771
ZNF385A,ENST00000546919
ZNF385A,ENST00000549937
ZNF385A,ENST00000549962
ZNF385A,ENST00000547210
ZNF385A,ENST00000550774
ZNF385A,ENST00000550120
ZNF385A,ENST00000551864
CUL9,ENST00000451399
CUL9,ENST00000515773
CUL9,ENST00000372647
CUL9,ENST00000252050
CUL9,ENST00000510282
CUL9,ENST00000515344
CUL9,ENST00000512408
CUL9,ENST00000504485
CUL9,ENST00000502719
CUL9,ENST00000505172
CUL9,ENST00000502937
CUL9,ENST00000513904
CUL9,ENST00000508656
CUL9,ENST00000506830
CUL9,ENST00000512423
CUL9,ENST00000503766
CUL9,ENST00000505405
CUL9,ENST00000504647
CALM2,ENST00000272298
CALM2,ENST00000460218
CALM2,ENST00000652974
CALM2,ENST00000655450
CALM2,ENST00000432899
CALM2,ENST00000456319
CALM2,ENST00000670593
CALM2,ENST00000668667
CALM2,ENST00000656538
CALM2,ENST00000655728
CALM2,ENST00000482532
CALM2,ENST00000409563
CALM2,ENST00000484408
CALM2,ENST00000489742
SPRR2A,ENST00000392653
FNIP1,ENST00000307968
FNIP1,ENST00000307954
FNIP1,ENST00000510461
FNIP1,ENST00000511848
FNIP1,ENST00000623690
CDKN2D,ENST00000393599
CDKN2D,ENST00000335766
"NAT9",ENST00000357814
"NAT9",ENST00000580301
"NAT9",ENST00000583834
"NAT9",ENST00000581136
"NAT9",ENST00000580632
"NAT9",ENST00000581762
"NAT9",ENST00000582870
"NAT9",ENST00000584022
"NAT9",ENST00000578822
"NAT9",ENST00000583757
"NAT9",ENST00000582524
"NAT9",ENST00000583476
"NAT9",ENST00000579218
"NAT9",ENST00000578798
"NAT9",ENST00000578862
"NAT9",ENST00000580216
"NAT9",ENST00000583989
"NAT9",ENST00000581466
"NAT9",ENST00000577428
"NAT9",ENST00000584409
"NAT9",ENST00000585240
"NAT9",ENST00000582359
"NAT9",ENST00000583689
"NAT9",ENST00000578947
"NAT9",ENST00000582168
"NAT9",ENST00000582993
"NAT9",ENST00000582118
"NAT9",ENST00000581451
"NAT9",ENST00000579837
TLCD4-RWDD3,ENST00000604534
TLCD4-RWDD3,ENST00000604203
WBP2,ENST00000254806
WBP2,ENST00000626827
WBP2,ENST00000585462
WBP2,ENST00000591399
WBP2,ENST00000587642
WBP2,ENST00000591831
WBP2,ENST00000590221
WBP2,ENST00000586257
WBP2,ENST00000588373
WBP2,ENST00000433525
WBP2,ENST00000589236
WBP2,ENST00000416574
WBP2,ENST00000589642
WBP2,ENST00000587374
WBP2,ENST00000593002
WBP2,ENST00000589241
WBP2,ENST00000590450
WBP2,ENST00000589834
WBP2,ENST00000592802
NDUFA2,ENST00000510680
NDUFA2,ENST00000252102
NDUFA2,ENST00000512088
NDUFA2,ENST00000502960
SCML1,ENST00000398080
SCML1,ENST00000380045
SCML1,ENST00000380043
SCML1,ENST00000380041
SCML1,ENST00000427362
SCML1,ENST00000419185
SCML1,ENST00000487842
ZNF302,ENST00000512455
ZNF302,ENST00000502743
ZNF302,ENST00000509528
ZNF302,ENST00000506901
ZNF302,ENST00000457781
ZNF302,ENST00000505163
ZNF302,ENST00000505242
ZNF302,ENST00000423823
ZNF302,ENST00000507959
ZNF302,ENST00000510002
ZNF302,ENST00000446502
ZNF302,ENST00000505365
ZNF302,ENST00000509196
ZNF302,ENST00000613363
KAT2B,ENST00000263754
KAT2B,ENST00000426228
KAT2B,ENST00000469085
KAT2B,ENST00000468111
KAT2B,ENST00000468400
SECISBP2L,ENST00000561428
SECISBP2L,ENST00000559471
SECISBP2L,ENST00000261847
SECISBP2L,ENST00000380927
SECISBP2L,ENST00000559122
SECISBP2L,ENST00000559198
SECISBP2L,ENST00000561203
SECISBP2L,ENST00000557940
SECISBP2L,ENST00000559424
SECISBP2L,ENST00000558461
SECISBP2L,ENST00000557923
FAM50A,ENST00000393600
FAM50A,ENST00000464419
FAM50A,ENST00000481619
FAM50A,ENST00000158526
FAM50A,ENST00000490480
FAM50A,ENST00000478509
FAM50A,ENST00000494278
SERINC1,ENST00000339697
RETREG2,ENST00000458520
RETREG2,ENST00000443757
RETREG2,ENST00000273048
RETREG2,ENST00000430297
RETREG2,ENST00000452293
RETREG2,ENST00000430747
RETREG2,ENST00000452022
RETREG2,ENST00000465672
RETREG2,ENST00000481925
RETREG2,ENST00000420189
RNF115,ENST00000582693
RNF115,ENST00000539368
TLCD5,ENST00000375095
TLCD5,ENST00000314475
TLCD5,ENST00000531346
TLCD5,ENST00000529187
TLCD5,ENST00000524680
RTF2,ENST00000023939
RTF2,ENST00000395881
RTF2,ENST00000357348
RTF2,ENST00000484084
RTF2,ENST00000449062
RTF2,ENST00000487211
RTF2,ENST00000466260
RTF2,ENST00000477485
RTF2,ENST00000477573
TMEM14C,ENST00000642513
TMEM14C,ENST00000643226
TMEM14C,ENST00000643420
TMEM14C,ENST00000646203
TMEM14C,ENST00000644776
TMEM14C,ENST00000541412
TMEM14C,ENST00000229563
TMEM14C,ENST00000466421
TMEM14C,ENST00000467415
TMEM14C,ENST00000495549
TMCO1,ENST00000612311
TMCO1,ENST00000367881
TMCO1,ENST00000580248
TMCO1,ENST00000464650
TMCO1,ENST00000476143
TMCO1,ENST00000481278
TMCO1,ENST00000465705
TMCO1,ENST00000628579
LNPK,ENST00000272748
LNPK,ENST00000409660
LNPK,ENST00000479012
LNPK,ENST00000475515
LNPK,ENST00000431754
LNPK,ENST00000489827
LNPK,ENST00000480788
LNPK,ENST00000392540
LNPK,ENST00000483230
LNPK,ENST00000445472
LNPK,ENST00000466445
LNPK,ENST00000544803
ZNF83,ENST00000600714
ZNF83,ENST00000601257
ZNF83,ENST00000597597
ZNF83,ENST00000301096
ZNF83,ENST00000536937
ZNF83,ENST00000541777
ZNF83,ENST00000545872
ZNF83,ENST00000594682
ZNF83,ENST00000597161
ZNF83,ENST00000687234
ZNF83,ENST00000595939
ZNF83,ENST00000596930
ZNF83,ENST00000598536
ZNF83,ENST00000601140
ZNF83,ENST00000595171
ZNF83,ENST00000601237
ZNF83,ENST00000596440
ZNF83,ENST00000602232
ZNF83,ENST00000598190
SELENOK,ENST00000495461
SELENOK,ENST00000488746
SELENOK,ENST00000487571
SELENOK,ENST00000485414
TAPT1,ENST00000405303
TAPT1,ENST00000503858
TAPT1,ENST00000505603
TAPT1,ENST00000513782
TAPT1,ENST00000508886
TAPT1,ENST00000507728
TAPT1,ENST00000488714
TAPT1,ENST00000507425
TAPT1,ENST00000504281
TAPT1,ENST00000508888
TAPT1,ENST00000513359
TAPT1,ENST00000510868
TAPT1,ENST00000505152
TAPT1,ENST00000511866
TAPT1,ENST00000513833
TAPT1,ENST00000505317
TAPT1,ENST00000511156
RHEB,ENST00000262187
RHEB,ENST00000472642
RHEB,ENST00000478470
RHEB,ENST00000496004
RHEB,ENST00000470072
RHEB,ENST00000470370
RHEB,ENST00000482053
HPCAL1,ENST00000423674
HPCAL1,ENST00000307845
HPCAL1,ENST00000381765
HPCAL1,ENST00000419810
HPCAL1,ENST00000622018
HPCAL1,ENST00000613496
HPCAL1,ENST00000620771
HPCAL1,ENST00000422133
TMEM65,ENST00000297632
FBXO9,ENST00000459845
FBXO9,ENST00000498744
FBXO9,ENST00000370939
FBXO9,ENST00000461222
FBXO9,ENST00000323557
FBXO9,ENST00000473337
FBXO9,ENST00000244426
FBXO9,ENST00000468481
FBXO9,ENST00000480463
FBXO9,ENST00000484812
FBXO9,ENST00000474457
FBXO9,ENST00000484436
FBXO9,ENST00000473318
ERGIC1,ENST00000393784
ERGIC1,ENST00000690799
ERGIC1,ENST00000686615
ERGIC1,ENST00000684928
ERGIC1,ENST00000519860
ERGIC1,ENST00000691612
ERGIC1,ENST00000689975
ERGIC1,ENST00000687901
ERGIC1,ENST00000326654
ERGIC1,ENST00000693299
ERGIC1,ENST00000687702
ERGIC1,ENST00000685391
ERGIC1,ENST00000520326
ERGIC1,ENST00000520642
ERGIC1,ENST00000686955
ERGIC1,ENST00000689977
ERGIC1,ENST00000523291
ERGIC1,ENST00000692557
ERGIC1,ENST00000686449
ERGIC1,ENST00000693572
ERGIC1,ENST00000518247
ERGIC1,ENST00000690977
ERGIC1,ENST00000519567
ERGIC1,ENST00000519796
ERGIC1,ENST00000523650
ERGIC1,ENST00000521392
ERGIC1,ENST00000523366
ERGIC1,ENST00000520399
ERGIC1,ENST00000688069
ERGIC1,ENST00000523215
COG1,ENST00000299886
COG1,ENST00000438720
COG1,ENST00000582587
COG1,ENST00000577844
COG1,ENST00000580271
COG1,ENST00000582512
COG1,ENST00000577238
COG1,ENST00000582672
COG1,ENST00000582973
SPIN3,ENST00000640101
SPIN3,ENST00000638664
SPIN3,ENST00000640577
SPIN3,ENST00000639809
SPIN3,ENST00000640131
SPIN3,ENST00000640717
SPIN3,ENST00000639607
SPIN3,ENST00000639956
SPIN3,ENST00000638819
SPIN3,ENST00000640463
SPIN3,ENST00000639888
SPIN3,ENST00000640511
SPIN3,ENST00000639895
SPIN3,ENST00000638873
SPIN3,ENST00000638940
SPIN3,ENST00000640187
SPIN3,ENST00000639482
SPIN3,ENST00000478405
SPIN3,ENST00000640104
SPIN3,ENST00000639053
SPIN3,ENST00000639418
SPIN3,ENST00000640421
SPIN3,ENST00000475785
SPIN3,ENST00000639794
SPIN3,ENST00000640507
SPIN3,ENST00000639257
SPIN3,ENST00000638341
SPIN3,ENST00000640039
SPIN3,ENST00000638834
SPIN3,ENST00000639000
SPIN3,ENST00000639791
SPIN3,ENST00000640728
SPIN3,ENST00000374919
SPIN3,ENST00000638257
SPIN3,ENST00000638712
SPIN3,ENST00000638386
SPIN3,ENST00000639583
SPIN3,ENST00000638289
SPIN3,ENST00000639007
SPIN3,ENST00000640768
SPIN3,ENST00000638845
SPIN3,ENST00000639525
SPIN3,ENST00000638481
SPIN3,ENST00000639605
SPIN3,ENST00000638619
FUNDC2,ENST00000475165
FUNDC2,ENST00000369498
FUNDC2,ENST00000484175
FUNDC2,ENST00000485289
FUNDC2,ENST00000456179
FUNDC2,ENST00000471528
FUNDC2,ENST00000492303
ZNF701,ENST00000478039
ZNF701,ENST00000596514
ZNF701,ENST00000391785
ZNF701,ENST00000301093
ZNF701,ENST00000593941
ZNF701,ENST00000540331
E2F1,ENST00000343380
ZNF841,ENST00000594295
ZNF841,ENST00000426391
ZNF841,ENST00000601738
ZNF841,ENST00000595599
ZNF841,ENST00000594440
ZNF841,ENST00000599430
ZNF841,ENST00000389534
IL1RN,ENST00000465812
IL1RN,ENST00000463073
IL1RN,ENST00000409052
IL1RN,ENST00000361779
IL1RN,ENST00000259206
IL1RN,ENST00000354115
IL1RN,ENST00000486167
IL1RN,ENST00000472292
IL1RN,ENST00000409930
ABCD1,ENST00000218104
ABCD1,ENST00000370129
ABCD1,ENST00000443684
AFF1,ENST00000504956
AFF1,ENST00000395146
AFF1,ENST00000507468
AFF1,ENST00000674009
AFF1,ENST00000503477
AFF1,ENST00000511996
AFF1,ENST00000511442
AFF1,ENST00000544085
AFF1,ENST00000307808
AFF1,ENST00000511722
AFF1,ENST00000514970
AFF1,ENST00000503369
EPM2AIP1,ENST00000322716
EPM2AIP1,ENST00000623924
EPM2AIP1,ENST00000624586
C5orf24,ENST00000338051
C5orf24,ENST00000394976
C5orf24,ENST00000504727
C5orf24,ENST00000435259
C5orf24,ENST00000508791
C5orf24,ENST00000507390
CREB3,ENST00000486056
CREB3,ENST00000353704
ASXL1,ENST00000651418
ASXL1,ENST00000375687
ASXL1,ENST00000646367
ASXL1,ENST00000644587
ASXL1,ENST00000645337
ASXL1,ENST00000649901
ASXL1,ENST00000646985
ASXL1,ENST00000645035
ASXL1,ENST00000497249
ASXL1,ENST00000643168
ASXL1,ENST00000375689
ASXL1,ENST00000306058
ASXL1,ENST00000555343
ASXL1,ENST00000645688
ASXL1,ENST00000642676
ASXL1,ENST00000470145
ASXL1,ENST00000644060
ASXL1,ENST00000645514
ASXL1,ENST00000644615
ASXL1,ENST00000647223
ASXL1,ENST00000619344
ASXL1,ENST00000555564
ASXL1,ENST00000553345
ASXL1,ENST00000644168
ASXL1,ENST00000620121
ASXL1,ENST00000613218
MMP24OS,ENST00000635104
MMP24OS,ENST00000594413
MMP24OS,ENST00000566203
MMP24OS,ENST00000433764
MMP24OS,ENST00000438751
MMP24OS,ENST00000454184
MMP24OS,ENST00000456350
MMP24OS,ENST00000453892
MMP24OS,ENST00000455178
MMP24OS,ENST00000456790
MMP24OS,ENST00000435366
MMP24OS,ENST00000424358
PHF1,ENST00000421466
PHF1,ENST00000495185
PHF1,ENST00000447305
PHF1,ENST00000465760
PHF1,ENST00000454914
PHF1,ENST00000427869
PHF1,ENST00000487460
PHF1,ENST00000496666
PHF1,ENST00000475137
PHF1,ENST00000480565
PHF1,ENST00000419154
PHF1,ENST00000423868
PHF1,ENST00000482971
PHF1,ENST00000414166
PHF1,ENST00000442136
PHF1,ENST00000418028
PHF1,ENST00000441437
PHF1,ENST00000453736
PHF1,ENST00000414695
PHF1,ENST00000422985
PHF1,ENST00000427004
PHF1,ENST00000487667
PHF1,ENST00000428274
PHF1,ENST00000459809
PHF1,ENST00000374512
PHF1,ENST00000374516
PHF1,ENST00000495509
PHF1,ENST00000488767
PHF1,ENST00000486845
PHF1,ENST00000427826
PHF1,ENST00000479029
OSER1,ENST00000255174
OSER1,ENST00000372970
SERPINB3,ENST00000283752
SERPINB3,ENST00000332821
TIGD7,ENST00000396862
TIGD7,ENST00000573608
TIGD7,ENST00000574598
TIGD7,ENST00000572297
TIGD7,ENST00000570634
TIGD7,ENST00000573695
TIGD7,ENST00000576104
TIGD7,ENST00000571748
CCND2,ENST00000676411
CCND2,ENST00000676279
CCND2,ENST00000536537
CCND2,ENST00000675880
CCND2,ENST00000261254
CCND2,ENST00000675468
CCND2,ENST00000536795
CCND2,ENST00000541542
ABL2,ENST00000502732
ABL2,ENST00000344730
ABL2,ENST00000512653
ABL2,ENST00000504405
ABL2,ENST00000367623
ABL2,ENST00000507173
ABL2,ENST00000511413
ABL2,ENST00000668691
ABL2,ENST00000509520
ABL2,ENST00000504324
ABL2,ENST00000662960
ABL2,ENST00000660584
ABL2,ENST00000659126
ABL2,ENST00000508127
ABL2,ENST00000392043
DAP,ENST00000230895
DAP,ENST00000432074
DAP,ENST00000514882
DAP,ENST00000508253
DAP,ENST00000510546
DAP,ENST00000508646
MRPL33,ENST00000379666
MRPL33,ENST00000296102
MRPL33,ENST00000448427
MRPL33,ENST00000472192
MRPL33,ENST00000483992
MRPL33,ENST00000476552
RANBP9,ENST00000011619
RANBP9,ENST00000469916
SPECC1,ENST00000676570
SPECC1,ENST00000678321
SPECC1,ENST00000678315
SPECC1,ENST00000678019
SPECC1,ENST00000679048
SPECC1,ENST00000677148
SPECC1,ENST00000678651
SPECC1,ENST00000679049
SPECC1,ENST00000472876
SPECC1,ENST00000467722
SPECC1,ENST00000583528
SPECC1,ENST00000680019
SPECC1,ENST00000681593
SPECC1,ENST00000680830
SPECC1,ENST00000680124
SPECC1,ENST00000395527
SPECC1,ENST00000583482
SPECC1,ENST00000679255
SPECC1,ENST00000681202
SPECC1,ENST00000677914
SPECC1,ENST00000578321
SPECC1,ENST00000680374
SPECC1,ENST00000583463
SPECC1,ENST00000681564
SPECC1,ENST00000681116
SPECC1,ENST00000680572
SPECC1,ENST00000680604
SPECC1,ENST00000681875
SPECC1,ENST00000679058
SPECC1,ENST00000395529
SPECC1,ENST00000261503
SPECC1,ENST00000581973
SPECC1,ENST00000580934
SPECC1,ENST00000680740
SPECC1,ENST00000582063
SPECC1,ENST00000579688
SPECC1,ENST00000395530
SPECC1,ENST00000581399
SPECC1,ENST00000679819
SPECC1,ENST00000679801
SPECC1,ENST00000681545
SPECC1,ENST00000680373
SPECC1,ENST00000679740
SPECC1,ENST00000681731
SPECC1,ENST00000395522
SPECC1,ENST00000395525
SPECC1,ENST00000582226
SPECC1,ENST00000584527
SPECC1,ENST00000677784
SPECC1,ENST00000676737
SPECC1,ENST00000492188
FBXL5,ENST00000341285
FBXL5,ENST00000513163
FBXL5,ENST00000511441
FBXL5,ENST00000412094
FBXL5,ENST00000507700
FBXL5,ENST00000504837
FBXL5,ENST00000512066
FBXL5,ENST00000503196
FBXL5,ENST00000509314
FBXL5,ENST00000510802
FBXL5,ENST00000507899
FBXL5,ENST00000515679
FBXL5,ENST00000514541
NR1D2,ENST00000312521
NR1D2,ENST00000383773
NR1D2,ENST00000492552
NR1D2,ENST00000468700
NR1D2,ENST00000472780
CYTH2,ENST00000427476
CYTH2,ENST00000460595
CYTH2,ENST00000391881
CYTH2,ENST00000493260
CYTH2,ENST00000462117
CYTH2,ENST00000474049
CYTH2,ENST00000452733
CYTH2,ENST00000641098
CYTH2,ENST00000325139
CYTH2,ENST00000595765
CYTH2,ENST00000474209
CYTH2,ENST00000467412
CYTH2,ENST00000600597
IL17RC,ENST00000416074
IL17RC,ENST00000383812
IL17RC,ENST00000469686
IL17RC,ENST00000434756
IL17RC,ENST00000438091
IL17RC,ENST00000412901
IL17RC,ENST00000466046
IL17RC,ENST00000498214
IL17RC,ENST00000295981
IL17RC,ENST00000451231
IL17RC,ENST00000403601
IL17RC,ENST00000483582
IL17RC,ENST00000481032
IL17RC,ENST00000497102
IL17RC,ENST00000494365
IL17RC,ENST00000436503
IL17RC,ENST00000476810
IL17RC,ENST00000451271
IL17RC,ENST00000424206
IL17RC,ENST00000490512
IL17RC,ENST00000440502
IL17RC,ENST00000455057
IL17RC,ENST00000413608
IL17RC,ENST00000451165
IL17RC,ENST00000478206
IL17RC,ENST00000464406
IL17RC,ENST00000461995
IL17RC,ENST00000497387
IL17RC,ENST00000466712
IL17RC,ENST00000465794
GOSR2,ENST00000640608
GOSR2,ENST00000640792
GOSR2,ENST00000638634
GOSR2,ENST00000640358
GOSR2,ENST00000623037
GOSR2,ENST00000225567
GOSR2,ENST00000571658
GOSR2,ENST00000415811
GOSR2,ENST00000576910
GOSR2,ENST00000639985
GOSR2,ENST00000573224
GOSR2,ENST00000639199
GOSR2,ENST00000640709
GOSR2,ENST00000640621
GOSR2,ENST00000638892
GOSR2,ENST00000639365
GOSR2,ENST00000638838
GOSR2,ENST00000638216
GOSR2,ENST00000575949
GOSR2,ENST00000638579
GOSR2,ENST00000640806
GOSR2,ENST00000640269
GOSR2,ENST00000640443
GOSR2,ENST00000638697
GOSR2,ENST00000640051
GOSR2,ENST00000639066
GOSR2,ENST00000638189
GOSR2,ENST00000640007
GOSR2,ENST00000640711
GOSR2,ENST00000638219
GOSR2,ENST00000640495
GOSR2,ENST00000639388
GOSR2,ENST00000638374
GOSR2,ENST00000571048
GOSR2,ENST00000639287
GOSR2,ENST00000640138
GOSR2,ENST00000570879
GOSR2,ENST00000640068
GOSR2,ENST00000572403
GOSR2,ENST00000393456
GOSR2,ENST00000639031
GOSR2,ENST00000640723
GOSR2,ENST00000638468
GOSR2,ENST00000639713
GOSR2,ENST00000639080
GOSR2,ENST00000640871
GOSR2,ENST00000640866
LRP2BP,ENST00000328559
LRP2BP,ENST00000510776
LRP2BP,ENST00000505916
LRP2BP,ENST00000511404
SPAG9,ENST00000262013
SPAG9,ENST00000509724
SPAG9,ENST00000510283
SPAG9,ENST00000505279
SPAG9,ENST00000357122
SPAG9,ENST00000506500
SPAG9,ENST00000513746
SPAG9,ENST00000511312
SPAG9,ENST00000513906
SPAG9,ENST00000514613
SPAG9,ENST00000505173
SPAG9,ENST00000514205
SPAG9,ENST00000506483
SPAG9,ENST00000513827
SPAG9,ENST00000515685
SPAG9,ENST00000513547
SPAG9,ENST00000511795
SPAG9,ENST00000576492
SPAG9,ENST00000510855
SPAG9,ENST00000511987
SPAG9,ENST00000502329
